date,rank,name
2024-07-17,83,心动小镇
2024-07-18,71,心动小镇
2024-07-19,63,心动小镇
2024-07-20,46,心动小镇
2024-07-21,43,心动小镇
2024-07-22,35,心动小镇
2024-07-23,32,心动小镇
2024-07-24,29,心动小镇
2024-07-25,31,心动小镇
2024-07-26,34,心动小镇
2024-07-27,29,心动小镇
2024-07-28,27,心动小镇
2024-07-29,25,心动小镇
2024-07-30,25,心动小镇
2024-07-31,25,心动小镇
2024-08-01,31,心动小镇
2024-08-02,33,心动小镇
2024-08-03,33,心动小镇
2024-08-04,32,心动小镇
2024-08-05,31,心动小镇
2024-08-06,33,心动小镇
2024-08-07,32,心动小镇
2024-08-08,40,心动小镇
2024-08-09,47,心动小镇
2024-08-10,23,心动小镇
2024-08-11,22,心动小镇
2024-08-12,27,心动小镇
2024-08-13,28,心动小镇
2024-08-14,34,心动小镇
2024-08-15,36,心动小镇
2024-08-16,40,心动小镇
2024-08-17,36,心动小镇
2024-08-18,32,心动小镇
2024-08-19,35,心动小镇
2024-08-20,32,心动小镇
2024-08-21,33,心动小镇
2024-08-22,37,心动小镇
2024-08-23,41,心动小镇
2024-08-24,42,心动小镇
2024-08-25,39,心动小镇
2024-08-26,40,心动小镇
2024-08-27,42,心动小镇
2024-08-28,43,心动小镇
2024-08-29,46,心动小镇
2024-08-30,45,心动小镇
2024-08-31,28,心动小镇
2024-09-01,35,心动小镇
2024-09-02,38,心动小镇
2024-09-03,40,心动小镇
2024-09-04,47,心动小镇
2024-09-05,49,心动小镇
2024-09-06,51,心动小镇
2024-09-07,40,心动小镇
2024-09-08,41,心动小镇
2024-09-09,42,心动小镇
2024-09-10,45,心动小镇
2024-09-11,41,心动小镇
2024-09-12,29,心动小镇
2024-09-13,34,心动小镇
2024-09-14,31,心动小镇
2024-09-15,39,心动小镇
2024-09-16,43,心动小镇
2024-09-17,44,心动小镇
2024-09-18,51,心动小镇
2024-09-19,6,心动小镇
2024-09-20,10,心动小镇
2024-09-21,11,心动小镇
2024-09-22,16,心动小镇
2024-09-23,22,心动小镇
2024-09-24,31,心动小镇
2024-09-25,42,心动小镇
2024-09-26,59,心动小镇
2024-09-27,65,心动小镇
2024-09-28,54,心动小镇
2024-09-29,61,心动小镇
2024-09-30,72,心动小镇
2024-10-01,78,心动小镇
2024-10-02,80,心动小镇
2024-10-03,80,心动小镇
2024-10-04,85,心动小镇
2024-10-05,72,心动小镇
2024-10-06,75,心动小镇
2024-10-07,80,心动小镇
2024-10-08,84,心动小镇
2024-10-09,88,心动小镇
2024-10-10,95,心动小镇
2024-10-11,94,心动小镇
2024-10-12,53,心动小镇
2024-10-13,56,心动小镇
2024-10-14,62,心动小镇
2024-10-15,70,心动小镇
2024-10-16,73,心动小镇
2024-10-17,91,心动小镇
2024-10-18,103,心动小镇
2024-10-19,25,心动小镇
2024-10-20,31,心动小镇
2024-10-21,41,心动小镇
2024-10-22,50,心动小镇
2024-10-23,64,心动小镇
2024-10-24,85,心动小镇
2024-10-25,102,心动小镇
2024-10-26,75,心动小镇
2024-10-27,85,心动小镇
2024-10-28,94,心动小镇
2024-10-29,99,心动小镇
2024-10-30,111,心动小镇
2024-10-31,124,心动小镇
2024-11-01,138,心动小镇
2024-11-02,18,心动小镇
2024-11-03,19,心动小镇
2024-11-04,26,心动小镇
2024-11-05,35,心动小镇
2024-11-06,46,心动小镇
2024-11-07,57,心动小镇
2024-11-08,74,心动小镇
2024-11-09,60,心动小镇
2024-11-10,63,心动小镇
2024-11-11,72,心动小镇
2024-11-12,78,心动小镇
2024-11-13,84,心动小镇
2024-11-14,86,心动小镇
2024-11-15,97,心动小镇
2024-11-16,80,心动小镇
2024-11-17,85,心动小镇
2024-11-18,90,心动小镇
2024-11-19,93,心动小镇
2024-11-20,97,心动小镇
2024-11-21,117,心动小镇
2024-11-22,123,心动小镇
2024-11-23,107,心动小镇
2024-11-24,108,心动小镇
2024-11-25,112,心动小镇
2024-11-26,116,心动小镇
2024-11-27,118,心动小镇
2024-11-28,112,心动小镇
2024-11-29,114,心动小镇
2024-11-30,62,心动小镇
2024-12-01,75,心动小镇
2024-12-02,84,心动小镇
2024-12-03,33,心动小镇
2024-12-04,45,心动小镇
2024-12-05,61,心动小镇
2024-12-06,86,心动小镇
2024-12-07,81,心动小镇
2024-12-08,92,心动小镇
2024-12-09,111,心动小镇
2024-12-10,124,心动小镇
2024-12-11,133,心动小镇
2024-12-12,162,心动小镇
2024-12-13,165,心动小镇
2024-12-14,17,心动小镇
2024-12-15,26,心动小镇
2024-12-16,37,心动小镇
2024-12-17,46,心动小镇
2024-12-18,59,心动小镇
2024-12-19,81,心动小镇
2024-12-20,98,心动小镇
2024-12-21,52,心动小镇
2024-12-22,55,心动小镇
2024-12-23,69,心动小镇
2024-12-24,89,心动小镇
2024-12-25,104,心动小镇
2024-12-26,119,心动小镇
2024-12-27,132,心动小镇
2024-12-28,110,心动小镇
2024-12-29,112,心动小镇
2024-12-30,124,心动小镇
2024-12-31,122,心动小镇
2025-01-01,148,心动小镇
2025-01-02,145,心动小镇
2025-01-03,134,心动小镇
2025-01-04,112,心动小镇
2025-01-05,114,心动小镇
2025-01-06,123,心动小镇
2025-01-07,131,心动小镇
2025-01-08,129,心动小镇
2025-01-09,142,心动小镇
2025-01-10,143,心动小镇
2025-01-11,97,心动小镇
2025-01-12,99,心动小镇
2025-01-13,99,心动小镇
2025-01-14,104,心动小镇
2025-01-15,100,心动小镇
2025-01-16,99,心动小镇
2025-01-17,108,心动小镇
2025-01-18,14,心动小镇
2025-01-19,16,心动小镇
2025-01-20,24,心动小镇
2025-01-21,32,心动小镇
2025-01-22,51,心动小镇
2025-01-23,73,心动小镇
2025-01-24,87,心动小镇
2025-01-25,45,心动小镇
2025-01-26,51,心动小镇
2025-01-27,66,心动小镇
2025-01-28,68,心动小镇
2025-01-29,34,心动小镇
2025-01-30,37,心动小镇
2025-01-31,46,心动小镇
2025-02-01,53,心动小镇
2025-02-02,58,心动小镇
2025-02-03,63,心动小镇
2025-02-04,66,心动小镇
2025-02-05,69,心动小镇
2025-02-06,70,心动小镇
2025-02-07,73,心动小镇
2025-02-08,67,心动小镇
2025-02-09,67,心动小镇
2025-02-10,72,心动小镇
2025-02-11,76,心动小镇
2025-02-12,80,心动小镇
2025-02-13,89,心动小镇
2025-02-14,60,心动小镇
2025-02-15,64,心动小镇
2025-02-16,75,心动小镇
2025-02-17,82,心动小镇
2025-02-18,84,心动小镇
2025-02-19,92,心动小镇
2025-02-20,99,心动小镇
2025-02-21,107,心动小镇
2025-02-22,94,心动小镇
2025-02-23,93,心动小镇
2025-02-24,95,心动小镇
2025-02-25,98,心动小镇
2025-02-26,95,心动小镇
2025-02-27,98,心动小镇
2025-02-28,98,心动小镇
2025-03-01,92,心动小镇
2025-03-02,92,心动小镇
2025-03-03,97,心动小镇
2025-03-04,103,心动小镇
2025-03-05,111,心动小镇
2025-03-06,121,心动小镇
2025-03-07,121,心动小镇
2025-03-08,101,心动小镇
2025-03-09,102,心动小镇
2025-03-10,109,心动小镇
2025-03-11,106,心动小镇
2025-03-12,107,心动小镇
2025-03-13,120,心动小镇
2025-03-14,121,心动小镇
2025-03-15,83,心动小镇
2025-03-16,83,心动小镇
2025-03-17,97,心动小镇
2025-03-18,116,心动小镇
2025-03-19,122,心动小镇
2025-03-20,24,心动小镇
2025-03-21,34,心动小镇
2025-03-22,38,心动小镇
2025-03-23,44,心动小镇
2025-03-24,55,心动小镇
2025-03-25,69,心动小镇
2025-03-26,83,心动小镇
2025-03-27,76,心动小镇
2025-03-28,86,心动小镇
2025-03-29,74,心动小镇
2025-03-30,71,心动小镇
2025-03-31,75,心动小镇
2025-04-01,88,心动小镇
2025-04-02,89,心动小镇
2025-04-03,15,心动小镇
2025-04-04,22,心动小镇
2025-04-05,19,心动小镇
2025-04-06,28,心动小镇
2025-04-07,39,心动小镇
2025-04-08,46,心动小镇
2025-04-09,51,心动小镇
2025-04-10,60,心动小镇
2025-04-11,67,心动小镇
2025-04-12,56,心动小镇
2025-04-13,53,心动小镇
2025-04-14,57,心动小镇
2025-04-15,63,心动小镇
2025-04-16,62,心动小镇
2025-04-17,73,心动小镇
2025-04-18,76,心动小镇
2025-04-19,64,心动小镇
2025-04-20,59,心动小镇
2025-04-21,66,心动小镇
2025-04-22,80,心动小镇
2025-04-23,92,心动小镇
2025-04-24,106,心动小镇
2025-04-25,130,心动小镇
2025-04-26,83,心动小镇
2025-04-27,70,心动小镇
2025-04-28,81,心动小镇
2025-04-29,88,心动小镇
2025-04-30,107,心动小镇
2025-05-01,41,心动小镇
2025-05-02,50,心动小镇
2025-05-03,55,心动小镇
2025-05-04,61,心动小镇
2025-05-05,65,心动小镇
2025-05-06,72,心动小镇
2025-05-07,75,心动小镇
2025-05-08,80,心动小镇
2025-05-09,84,心动小镇
2025-05-10,65,心动小镇
2025-05-11,54,心动小镇
2025-05-12,60,心动小镇
2025-05-13,70,心动小镇
2025-05-14,89,心动小镇
2025-05-15,97,心动小镇
2025-05-16,102,心动小镇
2025-05-17,41,心动小镇
2025-05-18,47,心动小镇
2025-05-19,58,心动小镇
2025-05-20,70,心动小镇
2025-05-21,85,心动小镇
2025-05-22,109,心动小镇
2025-05-23,114,心动小镇
2025-05-24,93,心动小镇
2025-05-25,84,心动小镇
2025-05-26,95,心动小镇
2025-05-27,92,心动小镇
2025-05-28,91,心动小镇
2025-05-29,108,心动小镇
2025-05-30,104,心动小镇
2025-05-31,13,心动小镇
2025-06-01,16,心动小镇
2025-06-02,22,心动小镇
2025-06-03,28,心动小镇
2025-06-04,38,心动小镇
2025-06-05,51,心动小镇
2025-06-06,59,心动小镇
2025-06-07,59,心动小镇
2025-06-08,68,心动小镇
2025-06-09,70,心动小镇
2025-06-10,78,心动小镇
2025-06-11,81,心动小镇
2025-06-12,27,心动小镇
2025-06-13,40,心动小镇
2025-06-14,46,心动小镇
2025-06-15,53,心动小镇
2025-06-16,60,心动小镇
2025-06-17,68,心动小镇
2025-06-18,79,心动小镇
2025-06-19,92,心动小镇
2025-06-20,104,心动小镇
2025-06-21,91,心动小镇
2025-06-22,90,心动小镇
2025-06-23,96,心动小镇
2025-06-24,89,心动小镇
2025-06-25,94,心动小镇
2025-06-26,109,心动小镇
2025-06-27,121,心动小镇
2025-06-28,82,心动小镇
2025-06-29,81,心动小镇
2025-06-30,88,心动小镇
2025-07-01,96,心动小镇
2025-07-02,97,心动小镇
2025-07-03,111,心动小镇
2025-07-04,119,心动小镇
2025-07-05,35,心动小镇
2025-07-06,42,心动小镇
2025-07-07,48,心动小镇
2025-07-08,58,心动小镇
2025-07-09,69,心动小镇
2025-07-10,81,心动小镇
2025-07-11,81,心动小镇
2025-07-12,67,心动小镇
2025-07-13,68,心动小镇
2025-07-14,78,心动小镇
2025-07-15,83,心动小镇
2025-07-16,88,心动小镇
2025-07-17,8,心动小镇
2025-07-18,12,心动小镇
2025-07-19,20,心动小镇
2025-07-20,29,心动小镇
2025-07-21,40,心动小镇
2025-07-22,48,心动小镇
2025-07-23,56,心动小镇
2025-07-24,60,心动小镇
2025-07-25,61,心动小镇
2025-07-26,10,心动小镇
2025-07-27,12,心动小镇
2025-07-28,18,心动小镇
2025-07-29,23,心动小镇
2025-07-30,31,心动小镇
2025-07-31,43,心动小镇
2025-08-01,58,心动小镇
2025-08-02,57,心动小镇
2025-08-03,58,心动小镇
2025-08-04,63,心动小镇
2025-08-05,65,心动小镇
2025-08-06,69,心动小镇
2025-08-07,76,心动小镇
2025-08-08,83,心动小镇
2025-08-09,78,心动小镇
2025-08-10,74,心动小镇
2025-08-11,75,心动小镇
2025-08-12,78,心动小镇
2025-08-13,70,心动小镇
2025-08-14,83,心动小镇
2025-08-15,79,心动小镇
2025-08-16,20,心动小镇
2025-08-17,25,心动小镇
2025-08-18,38,心动小镇
2025-08-19,53,心动小镇
2025-08-20,62,心动小镇
2025-08-21,70,心动小镇
2025-08-22,71,心动小镇
2025-08-23,53,心动小镇
2025-08-24,53,心动小镇
2025-08-25,57,心动小镇
2025-08-26,67,心动小镇
2025-08-27,82,心动小镇
2025-08-28,101,心动小镇
2025-08-29,105,心动小镇
2025-08-30,92,心动小镇
2025-08-31,95,心动小镇
2025-09-01,112,心动小镇
2025-09-02,124,心动小镇
2025-09-03,129,心动小镇
2025-09-04,30,心动小镇
2025-09-05,43,心动小镇
2025-09-06,50,心动小镇
2025-09-07,54,心动小镇
2025-09-08,71,心动小镇
2025-09-09,82,心动小镇
2025-09-10,90,心动小镇
2025-09-11,102,心动小镇
2025-09-12,113,心动小镇
2025-09-13,92,心动小镇
2025-09-14,92,心动小镇
2025-09-15,99,心动小镇
2025-09-16,105,心动小镇
2025-09-17,113,心动小镇
2025-09-18,116,心动小镇
2025-09-19,124,心动小镇
2025-09-20,21,心动小镇
2025-09-21,24,心动小镇
2025-09-22,38,心动小镇
2025-09-23,52,心动小镇
2025-09-24,66,心动小镇
2025-09-25,84,心动小镇
2025-09-26,91,心动小镇
2025-09-27,12,心动小镇
2025-09-28,13,心动小镇
2025-09-29,17,心动小镇
2025-09-30,29,心动小镇
2025-10-01,44,心动小镇
2025-10-02,54,心动小镇
2025-10-03,59,心动小镇
2025-10-04,57,心动小镇
2025-10-05,56,心动小镇
2025-10-06,57,心动小镇
2025-10-07,58,心动小镇
2025-10-08,61,心动小镇
2025-10-09,61,心动小镇
2025-10-10,70,心动小镇
2025-10-11,64,心动小镇
2025-10-12,62,心动小镇
2025-10-13,69,心动小镇
2025-10-14,78,心动小镇
2025-10-15,84,心动小镇
2025-10-16,34,心动小镇
2025-10-17,49,心动小镇
2025-10-18,55,心动小镇
2025-10-19,59,心动小镇
2025-10-20,71,心动小镇
2025-10-21,79,心动小镇
2025-10-22,82,心动小镇
2025-10-23,106,心动小镇
2025-10-24,110,心动小镇
2025-10-25,94,心动小镇
2025-10-26,90,心动小镇
2025-10-27,100,心动小镇
2025-10-28,105,心动小镇
2025-10-29,110,心动小镇
2025-10-30,113,心动小镇
2025-10-31,89,心动小镇
2025-11-01,82,心动小镇
2025-11-02,81,心动小镇
2025-11-03,88,心动小镇
2025-11-04,89,心动小镇
2025-11-05,103,心动小镇
2025-11-06,115,心动小镇
2025-11-07,118,心动小镇
2025-11-08,52,心动小镇
2025-11-09,57,心动小镇
2025-11-10,65,心动小镇
2025-11-11,80,心动小镇
2025-11-12,87,心动小镇
2025-11-13,95,心动小镇
2025-11-14,102,心动小镇
2025-11-15,86,心动小镇
2025-11-16,74,心动小镇
2025-11-17,78,心动小镇
2025-11-18,85,心动小镇
2025-11-19,91,心动小镇
2025-11-20,98,心动小镇
2025-11-21,112,心动小镇
2025-11-22,34,心动小镇
2025-11-23,40,心动小镇
2025-11-24,51,心动小镇
2025-11-25,54,心动小镇
2025-11-26,62,心动小镇
2025-11-27,63,心动小镇
2025-11-28,65,心动小镇
2025-11-29,14,心动小镇
2025-11-30,17,心动小镇
2025-12-01,27,心动小镇
2025-12-02,40,心动小镇
2025-12-03,51,心动小镇
2025-12-04,63,心动小镇
2025-12-05,76,心动小镇
2025-12-06,78,心动小镇
2025-12-07,77,心动小镇
2025-12-08,83,心动小镇
2025-12-09,84,心动小镇
2025-12-10,88,心动小镇
2025-12-11,101,心动小镇
2025-12-12,112,心动小镇
2025-12-13,89,心动小镇
2025-12-14,90,心动小镇
2025-12-15,95,心动小镇
2025-12-16,94,心动小镇
2025-12-17,102,心动小镇
2025-12-18,115,心动小镇
2025-12-19,125,心动小镇
2025-12-20,70,心动小镇
2025-12-21,74,心动小镇
2025-12-22,89,心动小镇
2025-12-23,103,心动小镇
2025-12-24,122,心动小镇
2025-12-25,127,心动小镇
2025-12-26,125,心动小镇
2025-12-27,118,心动小镇
2025-12-28,126,心动小镇
2025-12-29,151,心动小镇
2025-12-30,174,心动小镇
2025-12-31,187,心动小镇
2026-01-01,193,心动小镇
2026-01-02,193,心动小镇
2026-01-03,161,心动小镇
2026-01-04,147,心动小镇
2026-01-05,153,心动小镇
2026-01-06,168,心动小镇
2026-01-07,172,心动小镇
2026-01-08,62,心动小镇
2026-01-09,74,心动小镇
2026-01-10,73,心动小镇
2026-01-11,89,心动小镇
2026-01-12,102,心动小镇
2026-01-13,127,心动小镇
2026-01-14,142,心动小镇
2026-01-15,160,心动小镇
2026-01-16,178,心动小镇
2026-01-17,138,心动小镇
2026-01-18,137,心动小镇
2026-01-19,144,心动小镇
2026-01-20,132,心动小镇
2026-01-21,114,心动小镇
2026-01-22,69,心动小镇
2026-01-23,76,心动小镇
2026-01-24,83,心动小镇
2026-01-25,91,心动小镇
2026-01-26,102,心动小镇
2026-01-27,103,心动小镇
2026-01-28,107,心动小镇
2026-01-29,119,心动小镇
2026-01-30,106,心动小镇
2026-01-31,7,心动小镇
2026-02-01,9,心动小镇
2026-02-02,19,心动小镇
2026-02-03,23,心动小镇
2026-02-04,36,心动小镇
2026-02-05,56,心动小镇
2026-02-06,71,心动小镇
2026-02-07,70,心动小镇
2026-02-08,75,心动小镇
2026-02-09,76,心动小镇
2026-02-10,84,心动小镇
2026-02-11,82,心动小镇
2026-02-12,93,心动小镇
2026-02-13,117,心动小镇
2026-02-14,56,心动小镇
2026-02-15,64,心动小镇
2026-02-16,70,心动小镇
2026-02-17,61,心动小镇
2026-02-18,72,心动小镇
2026-02-19,77,心动小镇
2026-02-20,90,心动小镇
2026-02-21,88,心动小镇
2026-02-22,90,心动小镇
2026-02-23,94,心动小镇
2026-02-24,95,心动小镇
2026-02-25,96,心动小镇
2026-02-26,103,心动小镇
2026-02-27,101,心动小镇
2026-02-28,94,心动小镇
2026-03-01,98,心动小镇
2026-03-02,102,心动小镇
2026-03-03,113,心动小镇
2026-03-04,113,心动小镇
2026-03-05,116,心动小镇
2026-03-06,123,心动小镇
2026-03-07,94,心动小镇
2026-03-08,97,心动小镇
2026-03-09,107,心动小镇
2026-03-10,108,心动小镇
2026-03-11,110,心动小镇
2026-03-12,127,心动小镇
2026-03-13,135,心动小镇
2026-03-14,105,心动小镇
2026-03-15,107,心动小镇
2026-03-16,118,心动小镇
2026-03-17,138,心动小镇
2026-03-18,141,心动小镇
2026-03-19,148,心动小镇
2026-03-20,161,心动小镇
2026-03-21,58,心动小镇
2026-03-22,62,心动小镇
2026-03-23,77,心动小镇
2026-03-24,91,心动小镇
2026-03-25,96,心动小镇
2026-03-26,47,心动小镇
2026-03-27,63,心动小镇
2026-03-28,64,心动小镇
2026-03-29,69,心动小镇
2026-03-30,81,心动小镇
2026-03-31,91,心动小镇
2026-04-01,104,心动小镇
2026-04-02,107,心动小镇
2026-04-03,108,心动小镇
2026-04-04,24,心动小镇
2026-04-05,33,心动小镇
2026-04-06,47,心动小镇
2026-04-07,65,心动小镇
2026-04-08,75,心动小镇
2026-04-09,89,心动小镇
2026-04-10,110,心动小镇
2026-04-11,77,心动小镇
2026-04-12,80,心动小镇
2026-04-13,88,心动小镇
2026-04-14,98,心动小镇
2026-04-15,102,心动小镇
2026-04-16,102,心动小镇
2026-04-17,105,心动小镇
2026-04-18,94,心动小镇
2026-04-19,102,心动小镇
2026-04-20,115,心动小镇
2026-04-21,114,心动小镇
2026-04-22,129,心动小镇
2026-04-23,132,心动小镇
2026-04-24,141,心动小镇
2026-04-25,110,心动小镇
2026-04-26,105,心动小镇
2026-04-27,131,心动小镇
2026-04-28,160,心动小镇
2026-04-29,175,心动小镇
2026-04-30,48,心动小镇
2026-05-01,61,心动小镇
2026-05-02,68,心动小镇
2026-05-03,77,心动小镇
2026-05-04,91,心动小镇
2026-05-05,104,心动小镇
2026-05-06,120,心动小镇
2026-05-07,60,心动小镇
2026-05-08,70,心动小镇
2026-05-09,43,心动小镇
2026-05-10,52,心动小镇
2026-05-11,66,心动小镇
2026-05-12,80,心动小镇
2026-05-13,91,心动小镇
2026-05-14,107,心动小镇
2026-05-15,122,心动小镇
2026-05-16,102,心动小镇
2026-05-17,101,心动小镇
2026-05-18,111,心动小镇
2026-05-19,117,心动小镇
2026-05-20,132,心动小镇
2026-05-21,135,心动小镇
2026-05-22,132,心动小镇
2026-05-23,115,心动小镇
2026-05-24,105,心动小镇
2026-05-25,105,心动小镇
2026-05-26,125,心动小镇
2026-05-27,139,心动小镇
2026-05-28,132,心动小镇
2026-05-29,137,心动小镇
2026-05-30,19,心动小镇
2026-05-31,22,心动小镇
2026-06-01,37,心动小镇
2026-06-02,51,心动小镇
2026-06-03,62,心动小镇
2026-06-04,73,心动小镇
2026-06-05,87,心动小镇
2026-06-06,82,心动小镇
2026-06-07,84,心动小镇
2026-06-08,90,心动小镇
2026-06-09,99,心动小镇
2026-06-10,106,心动小镇
2026-06-11,113,心动小镇
2026-06-12,120,心动小镇
2026-06-13,104,心动小镇
2026-06-14,102,心动小镇
2026-06-15,109,心动小镇
2026-06-16,105,心动小镇
2026-06-17,116,心动小镇
2026-06-18,68,心动小镇
2026-06-19,78,心动小镇
2026-06-20,82,心动小镇
2026-06-21,93,心动小镇
2026-06-22,104,心动小镇
2026-06-23,113,心动小镇
2026-06-24,125,心动小镇
2026-06-25,145,心动小镇
2026-06-26,155,心动小镇
2026-06-27,138,心动小镇
2026-06-28,128,心动小镇
2026-06-29,135,心动小镇
2026-06-30,131,心动小镇
2026-07-01,147,心动小镇
2026-07-02,159,心动小镇
2026-07-03,169,心动小镇
2026-07-04,138,心动小镇
2026-07-05,139,心动小镇
